{
"colors":{
	"BACKGROUND_BOTTOM": {
		"b": 0.9254902005195618,
		"g": 0.9960784316062927,
		"r": 1.0
	},
	"BACKGROUND_TOP": {
		"b": 0.9433333277702332,
		"g": 0.9214345216751099,
		"r": 0.738944411277771
	},
	"CONSTRAINT": {
		"b": 0.7707121968269348,
		"g": 0.47894442081451416,
		"r": 0.7766666412353516
	},
	"CONSTRUCTION_ENTITY": {
		"b": 0.8566666841506958,
		"g": 0.26299676299095154,
		"r": 0.1970333606004715
	},
	"CONSTRUCTION_POINT": {
		"b": 0.0,
		"g": 0.6299999952316284,
		"r": 0.17639997601509094
	},
	"ENTITY": {
		"b": 0.0,
		"g": 0.0,
		"r": 0.0
	},
	"HIGHLIGHT": {
		"b": 0.25031110644340515,
		"g": 0.5866666436195374,
		"r": 0.5866666436195374
	},
	"HOVER": {
		"b": 0.0,
		"g": 0.0,
		"r": 0.4533333480358124
	},
	"INACTIVE_ENTITY": {
		"b": 0.49666666984558105,
		"g": 0.49666666984558105,
		"r": 0.49666666984558105
	},
	"INACTIVE_POINT": {
		"b": 0.48086312413215637,
		"g": 0.7866666913032532,
		"r": 0.4746222198009491
	},
	"OTHER_BODY_SOLID_MODEL": {
		"b": 0.7599999904632568,
		"g": 0.7599999904632568,
		"r": 0.7599999904632568
	},
	"POINT": {
		"b": 0.0,
		"g": 0.8366666436195374,
		"r": 0.13386663794517517
	},
	"SELECTED": {
		"b": 0.0,
		"g": 0.0,
		"r": 0.7666666507720947
	},
	"SELECTED_HOVER": {
		"b": 0.0,
		"g": 0.0,
		"r": 1.0
	},
	"SELECTION_BOX": {
		"b": 0.596666693687439,
		"g": 0.41766658425331116,
		"r": 0.0
	},
	"SOLID_MODEL": {
		"b": 0.8899999856948853,
		"g": 0.8899999856948853,
		"r": 0.8899999856948853
	},
	"ERROR_OVERLAY": {
		"b": 0,
		"g": 0,
		"r": 1
	}
}
}
